Score,Group,Version,Implemented,Tested,Source,Last reviewed,Licensing status
FOUR,Consciousness,—,"No: withheld, not shown (Licensing)",—,—,—,Licensing: Reproductions carry 'Used with permission of Mayo Foundation… All rights reserved'; the author handles permission requests. Not reproduced until permission is confirmed.
GCS,Consciousness,"Adult GCS, Glasgow structured approach",Yes,Yes: 14 manually verified cases; all-combination sweep; UI walkthrough,Teasdale 1974,2026-10-01 (clinician review pending),Criteria with attribution
GCS-P,Consciousness,"GCS-P (Brennan, Murray & Teasdale 2018)",Yes,Yes: 7 manually verified cases; all-combination sweep; UI walkthrough,Brennan et al. 2018 (doi:10.3171/2017.12.JNS172780),2026-10-02 (clinician review pending),"Published index, original wording"
GOS,Consciousness,"GOS, five categories (Jennett & Bond 1975)",Yes,Yes: 4 manually verified cases; all-combination sweep; UI walkthrough,Jennett 1975,2026-10-02 (clinician review pending),Category names with attribution
GOSE,Consciousness,"GOSE, eight categories (Wilson et al. 1998)",Yes,Yes: 4 manually verified cases; all-combination sweep; UI walkthrough,Wilson et al. 1998 (doi:10.1089/neu.1998.15.573),2026-10-02 (clinician review pending),Category names only
ABCD²,Stroke,ABCD² (Johnston et al. 2007),Yes,Yes: 6 manually verified cases; all-combination sweep; UI walkthrough,Johnston et al. 2007 (doi:10.1016/S0140-6736(07)60150-0),2026-10-02 (clinician review pending),"Published score, original wording"
ASPECTS,Stroke,"ASPECTS (Barber et al. 2000), non-contrast CT",Yes,Yes: 5 manually verified cases; all-combination sweep; UI walkthrough,Barber et al. 2000,2026-10-02 (clinician review pending),"Published scoring method, original wording"
FAST-ED,Stroke,FAST-ED (Lima et al. 2016),Yes,Yes: 4 manually verified cases; all-combination sweep; UI walkthrough,Lima et al. 2016,2026-10-03 (clinician review pending),"Published scale, original wording"
LAMS,Stroke,LAMS (Llanes et al. 2004),Yes,Yes: 4 manually verified cases; all-combination sweep; UI walkthrough,Llanes et al. 2004,2026-10-02 (clinician review pending),"Published scale, original wording"
NIHSS,Stroke,"NINDS NIH Stroke Scale (2024 update), 15 items",Yes,Yes: 15 manually verified cases; all-combination sweep; UI walkthrough,National 2024,2026-10-01 (clinician review pending),Public domain (NINDS)
pc-ASPECTS,Stroke,pc-ASPECTS (Puetz et al. 2008),Yes,Yes: 4 manually verified cases; all-combination sweep; UI walkthrough,Puetz et al. 2008,2026-10-02 (clinician review pending),"Published scoring method, original wording"
RACE,Stroke,RACE (Pérez de la Ossa et al. 2014),Yes,Yes: 4 manually verified cases; all-combination sweep; UI walkthrough,Pérez et al. 2014,2026-10-02 (clinician review pending),"Published scale, original wording"
FUNC,Intracerebral haemorrhage,FUNC (Rost et al. 2008),Yes,Yes: 4 manually verified cases; all-combination sweep; UI walkthrough,Rost et al. 2008,2026-10-02 (clinician review pending),"Published score, original wording"
Graeb,Intracerebral haemorrhage,Original Graeb score (Graeb et al. 1982),Yes,Yes: 4 manually verified cases; all-combination sweep; UI walkthrough,Graeb et al. 1982,2026-10-03 (clinician review pending),"Published classification, original wording"
ICH Score,Intracerebral haemorrhage,ICH Score (Hemphill et al. 2001),Yes,Yes: 4 manually verified cases; all-combination sweep; UI walkthrough,Hemphill et al. 2001,2026-10-02 (clinician review pending),"Published score, original wording"
mGraeb,Intracerebral haemorrhage,—,"No: withheld, not shown (Verification)",—,—,—,"Verification: Sources agree on the 0–32 total and +1 per region for expansion, but describe the scored regions and fill thresholds inconsistently; requires the Morgan 2013 primary table."
Fisher,Subarachnoid haemorrhage,Original Fisher scale (1980),Yes,Yes: 3 manually verified cases; all-combination sweep; UI walkthrough,Fisher et al. 1980,2026-10-02 (clinician review pending),"Published classification, original wording"
Hunt & Hess,Subarachnoid haemorrhage,"Hunt & Hess 1968 (original, with modifier)",Yes,Yes: 3 manually verified cases; all-combination sweep; UI walkthrough,Hunt 1968,2026-10-02 (clinician review pending),"Published classification, original wording"
mFisher,Subarachnoid haemorrhage,Modified Fisher (Frontera et al. 2006),Yes,Yes: 4 manually verified cases; all-combination sweep; UI walkthrough,Frontera et al. 2006,2026-10-02 (clinician review pending),"Published classification, original wording"
WFNS,Subarachnoid haemorrhage,Original WFNS (1988),Yes,Yes: 6 manually verified cases; all-combination sweep; UI walkthrough,Drake 1988,2026-10-02 (clinician review pending),"Published classification, original wording"
CRASH,Traumatic brain injury,—,"No: planned (future queue), not shown",—,—,—,Not yet assessed
Helsinki CT,Traumatic brain injury,—,"No: planned (future queue), not shown",—,—,—,Not yet assessed
IMPACT,Traumatic brain injury,—,"No: planned (future queue), not shown",—,—,—,Not yet assessed
ISS,Traumatic brain injury,ISS (Baker et al. 1974),Yes,Yes: 8 manually verified cases; all-combination sweep; UI walkthrough,Baker et al. 1974,2026-10-02 (clinician review pending),Published formula; AIS not reproduced
Marshall,Traumatic brain injury,Marshall CT classification (1991),Yes,Yes: 7 manually verified cases; all-combination sweep; UI walkthrough,Marshall et al. 1991,2026-10-02 (clinician review pending),"Published classification, original wording"
Rotterdam,Traumatic brain injury,Rotterdam CT score (Maas et al. 2005),Yes,Yes: 3 manually verified cases; all-combination sweep; UI walkthrough,Maas et al. 2005,2026-10-02 (clinician review pending),"Published score, original wording"
RTS,Traumatic brain injury,"RTS (Champion et al. 1989), weighted",Yes,Yes: 7 manually verified cases; all-combination sweep; UI walkthrough,Champion et al. 1989 (doi:10.1097/00005373-198905000-00017),2026-10-02 (clinician review pending),"Published score, original wording"
Stockholm CT,Traumatic brain injury,—,"No: planned (future queue), not shown",—,—,—,Not yet assessed
TRISS,Traumatic brain injury,TRISS with 1995 MTOS coefficients (Champion et al.),Yes,Yes: 6 manually verified cases; all-combination sweep; UI walkthrough,Boyd et al. 1987,2026-10-03 (clinician review pending),"Published model, original wording"
AIS,Spine and spinal cord,—,"No: withheld, not shown (Licensing / version)",—,—,—,Licensing / version: ISNCSCI and the AIS worksheet are maintained by ASIA/ISCoS with reproduction terms and periodic revisions (current 2019 revision); requires licensing and version review.
Frankel,Spine and spinal cord,Frankel grade (Frankel et al. 1969),Yes,Yes: 3 manually verified cases; all-combination sweep; UI walkthrough,Frankel et al. 1969,2026-10-02 (clinician review pending),"Published classification, original wording"
JOA,Spine and spinal cord,—,"No: withheld, not shown (Version)",—,—,—,"Version: Five substantially different versions exist (1975 original, 1994 revised, 1991/1993/1999 modifications). The 1975 item wording (including the chopsticks item) was not available in a verifiable English source. mJOA (Benzel 1991) is implemented separately."
mJOA,Spine and spinal cord,"mJOA, clinician-rated (Benzel et al. 1991), 0–18",Yes,Yes: 8 manually verified cases; all-combination sweep; UI walkthrough,Benzel et al. 1991,2026-10-03 (clinician review pending),Published clinician-rated scale
Nurick,Spine and spinal cord,Nurick grade (1972),Yes,Yes: 3 manually verified cases; all-combination sweep; UI walkthrough,Nurick 1972,2026-10-02 (clinician review pending),"Published classification, original wording"
ODI,Spine and spinal cord,—,"No: withheld, not shown (Licensing)",—,—,—,"Licensing: ODI version 2.1a is © Jeremy Fairbank, licensed through Mapi Research Trust; free only for unfunded academic research and individual clinical practice, with a fee for commercial use."
SCIM III,Spine and spinal cord,—,"No: planned (future queue), not shown",—,—,—,Not yet assessed
SINS,Spine and spinal cord,SOSG SINS (Fisher et al. 2010),Yes,Yes: 12 manually verified cases; all-combination sweep; UI walkthrough,Fisher et al. 2010,2026-10-01 (clinician review pending),Published classification
WISCI II,Spine and spinal cord,—,"No: planned (future queue), not shown",—,—,—,Not yet assessed
DS-GPA,Neuro-oncology,—,"No: withheld, not shown (Version)",—,—,—,"Version: Disease-specific GPAs (lung, breast, melanoma, renal, GI and others) are separate instruments that are updated frequently; each needs its own verified version before implementation."
ECOG,Neuro-oncology,ECOG Performance Status (Oken et al. 1982),Yes,Yes: 3 manually verified cases; all-combination sweep; UI walkthrough,Oken et al. 1982,2026-10-02 (clinician review pending),Public domain (ECOG-ACRIN)
GPA,Neuro-oncology,"Original GPA (Sperduto et al. 2008, RTOG database)",Yes,Yes: 7 manually verified cases; all-combination sweep; UI walkthrough,Sperduto et al. 2008,2026-10-03 (clinician review pending),"Published index, original wording"
KPS,Neuro-oncology,Karnofsky Performance Status (Karnofsky 1949),Yes,Yes: 6 manually verified cases; all-combination sweep; UI walkthrough,Karnofsky et al. 1949,2026-10-02 (clinician review pending),Widely published scale
Revised Tokuhashi,Neuro-oncology,Revised Tokuhashi (Tokuhashi et al. 2005),Yes,Yes: 5 manually verified cases; all-combination sweep; UI walkthrough,Tokuhashi et al. 2005,2026-10-02 (clinician review pending),"Published score, original wording"
RPA,Neuro-oncology,—,"No: planned (future queue), not shown",—,—,—,Not yet assessed
Tokuhashi (1990),Neuro-oncology,—,"No: withheld, not shown (Verification)",—,—,—,"Verification: Original 1990 item weights verified, but the vertebral-body metastasis item has the same unresolved conflict as the revised score, and published prognosis bands for the original are inconsistent. Revised Tokuhashi (2005) is implemented separately."
Tomita,Neuro-oncology,Tomita score (Tomita et al. 2001),Yes,Yes: 3 manually verified cases; all-combination sweep; UI walkthrough,Tomita et al. 2001,2026-10-02 (clinician review pending),"Published score, original wording"
mRS,Functional and disability,Modified Rankin Scale 0–6 (van Swieten et al. 1988),Yes,Yes: 9 manually verified cases; all-combination sweep; UI walkthrough,van et al. 1988,2026-10-01 (clinician review pending),Widely published grade definitions
RASS,Neurocritical care,—,"No: withheld, not shown (Licensing)",—,—,—,Licensing: Virginia Commonwealth University lists RASS as a licensable technology; terms for use in a commercial app must be confirmed. Content is verified and ready to reinstate after licensing review.
SOFA,Neurocritical care,"Original SOFA (Vincent et al. 1996), as tabulated in Sepsis-3 (Singer et al. 2016)",Yes,Yes: 5 manually verified cases; all-combination sweep; UI walkthrough,Vincent et al. 1996,2026-10-03 (clinician review pending),"Published score, original wording"
SOFA-2,Neurocritical care,—,"No: withheld, not shown (Verification)",—,—,—,"Verification: SOFA-2 (Ranzani et al., JAMA 2025) has detailed sub-rules (organ-support definitions, vasopressor dose categories, alternatives when no arterial blood gas). Only a simplified adaptation was available for verification; not implemented until the full published table is checked."
Borden,Neurosurgical Examination & Grades,"Borden classification (Borden, Wu & Shucart 1995), types I–III with subtypes a/b",Yes,Yes: 3 manually verified cases; all-combination sweep; UI walkthrough,Borden et al. 1995,2026-10-08 (clinician review pending),Published classification with attribution
Clonus,Neurosurgical Examination & Grades,"Descriptive examination record: absent, unsustained or sustained",Yes,Yes: 4 manually verified cases; all-combination sweep; UI walkthrough,Zimmerman 2023,2026-10-08 (clinician review pending),Descriptive terms
Cognard,Neurosurgical Examination & Grades,"Cognard revised classification (Cognard et al. 1995): I, IIa, IIb, IIa+b, III, IV, V",Yes,Yes: 5 manually verified cases; all-combination sweep; UI walkthrough,Cognard et al. 1995,2026-10-08 (clinician review pending),Published classification with attribution
Engel,Neurosurgical Examination & Grades,"Engel classification (Engel et al. 1993), classes I–IV with subclasses",Yes,Yes: 5 manually verified cases; all-combination sweep; UI walkthrough,Engel et al. 1993,2026-10-08 (clinician review pending),Published classification with attribution
Evans Index,Neurosurgical Examination & Grades,—,"No: planned (future queue), not shown",—,—,—,Not yet assessed
FOHR,Neurosurgical Examination & Grades,—,"No: planned (future queue), not shown",—,—,—,Not yet assessed
Gardner-Robertson,Neurosurgical Examination & Grades,Gardner-Robertson modified hearing classification (1988),Yes,Yes: 4 manually verified cases; all-combination sweep; UI walkthrough,Gardner 1988,2026-10-08 (clinician review pending),Published classification with attribution
House-Brackmann,Neurosurgical Examination & Grades,"House-Brackmann grading system, grades I–VI (House & Brackmann 1985)",Yes,Yes: 4 manually verified cases; all-combination sweep; UI walkthrough,House 1985,2026-10-08 (clinician review pending),Published grading system with attribution
ILAE outcome,Neurosurgical Examination & Grades,"ILAE outcome classification (Wieser et al. 2001), classes 1–6 with 1a",Yes,Yes: 5 manually verified cases; all-combination sweep; UI walkthrough,Wieser et al. 2001,2026-10-08 (clinician review pending),Published classification with attribution
Lawton-Young,Neurosurgical Examination & Grades,Lawton-Young supplementary grading scale (Lawton et al. 2010),Yes,Yes: 4 manually verified cases; all-combination sweep; UI walkthrough,Lawton et al. 2010,2026-10-08 (clinician review pending),Published grading system with attribution
Markwalder,Neurosurgical Examination & Grades,"Markwalder grading scale (1981), grades 0–4",Yes,Yes: 3 manually verified cases; all-combination sweep; UI walkthrough,Markwalder et al. 1981,2026-10-08 (clinician review pending),Published grading scale with attribution
MAS,Neurosurgical Examination & Grades,Modified Ashworth Scale (Bohannon & Smith 1987),Yes,Yes: 6 manually verified cases; all-combination sweep; UI walkthrough,Bohannon 1987,2026-10-08 (clinician review pending),Published scale with attribution
MRC power,Neurosurgical Examination & Grades,"Medical Research Council scale, grades 0–5",Yes,Yes: 4 manually verified cases; all-combination sweep; UI walkthrough,Medical 1943,2026-10-08 (clinician review pending),Grade definitions with attribution
MRC-SS,Neurosurgical Examination & Grades,"MRC sum score, 12 muscle groups (Kleyweg et al. 1991)",Yes,Yes: 6 manually verified cases; all-combination sweep; UI walkthrough,Kleyweg et al. 1991,2026-10-08 (clinician review pending),Published method with attribution
MTS,Neurosurgical Examination & Grades,Modified Tardieu Scale (Boyd & Graham 1999),Yes,Yes: 6 manually verified cases; all-combination sweep; UI walkthrough,Boyd 1999,2026-10-08 (clinician review pending),Published scale with attribution
Plantar,Neurosurgical Examination & Grades,"Descriptive examination record: flexor, extensor, equivocal or no response",Yes,Yes: 4 manually verified cases; all-combination sweep; UI walkthrough,van 1995,2026-10-08 (clinician review pending),Descriptive terms
Reflex grade,Neurosurgical Examination & Grades,"NINDS Myotatic Reflex Scale, 0–4 (Hallett 1993)",Yes,Yes: 5 manually verified cases; all-combination sweep; UI walkthrough,Hallett 1993,2026-10-08 (clinician review pending),Published scale with attribution
Spetzler-Martin,Neurosurgical Examination & Grades,"Spetzler-Martin grading system (1986), grades I–V",Yes,Yes: 4 manually verified cases; all-combination sweep; UI walkthrough,Spetzler 1986,2026-10-08 (clinician review pending),Published grading system with attribution
Sunnybrook,Neurosurgical Examination & Grades,—,"No: withheld, not shown (Verification / licensing)",—,—,—,"Verification / licensing: Item point values could not be confirmed from an accessible primary source in this review, the stated 0–100 composite range does not match the arithmetic of the published weights, and translation groups obtained the authors' permission before adapting the form. Not implemented until the original form and its terms are checked."
